"","state","county","fips","trump16","trump16_pct","clinton16","clinton16_pct","otherpres16","otherpres16_pct","romney12","romney12_pct","obama12","obama12_pct","otherpres12","otherpres12_pct","senaterace16","houserace16","govrace16","total_population","cvap","voterturnout16_pct","voterturnout12_pct","voterturnout_pct_diff","white_pct","nonwhite_pct","black_pct","hispanic_pct","foreignborn_pct","female_pct","age29andunder_pct","age65andolder_pct","median_hh_inc","clf_unemploy_pct","lesshs_pct","lesscollege_pct","rural_pct","RepWon16","RepWon12","Repmargin12","Repmargin16"
"1","Alabama","Autauga",1001,18172,72.76658791,5936,23.76967124,865,3.46374084,17379,72.61825171,6363,26.58783219,190,0.793916096,"Race","Race","No Race",55049,40690,61.37380192,58.81543377,2.558368149,75.68348199,24.31651801,18.37090592,2.57225381,1.838362186,51.17622482,40.03705789,13.97845556,53099,5.591657263,12.41704602,75.40722865,42.00216232,1,1,46.03041952,48.99691667
"2","Alabama","Baldwin",1003,72883,76.54571234,18458,19.38560101,3874,4.068686657,66016,77.35826947,18424,21.58944433,898,1.052286203,"Race","Race","No Race",199510,151770,62.73637741,56.22850366,6.507873756,83.17878803,16.82121197,9.225602727,4.366698411,3.2695103,51.19492757,35.47441231,18.71485139,51365,6.286843229,9.972417933,70.45288897,42.27909911,1,1,55.76882514,57.16011133
"3","Alabama","Barbour",1005,5454,52.09666635,4871,46.52784411,144,1.375489541,5550,48.22312972,5912,51.36849422,47,0.408376054,"Race","Race","No Race",26614,20375,51.38159509,56.48588957,-5.104294479,45.88562411,54.11437589,47.88832945,4.30976178,2.85939731,46.49808372,37.66438716,16.52889457,33956,12.82473827,26.23592756,87.13221298,67.7896347,1,0,-3.1453645,5.56882224
"4","Alabama","Bibb",1007,6738,76.40322032,1874,21.24957478,207,2.347204899,6132,72.82660333,2202,26.152019,86,1.021377672,"Race","Race","No Race",22572,17590,50.13644116,47.86810688,2.268334281,74.76519582,25.23480418,21.21212121,2.223994329,1.351231614,46.46464646,37.3294347,14.8856991,39776,7.14682672,19.3015873,88,68.35260746,1,1,46.67458433,55.15364554
"5","Alabama","Blount",1009,22859,89.33484446,2156,8.425824605,573,2.239330936,20757,86.46588353,2970,12.37190702,279,1.162209448,"Race","Race","No Race",57704,42430,60.30638699,56.577893,3.72849399,87.65770137,12.34229863,1.557950922,8.727297934,4.271800915,50.48523499,37.24005268,17.19291557,46212,5.953832753,19.96858533,86.95024321,89.95150204,1,1,74.09397651,80.909019855
"6","Alabama","Bullock",1011,1140,24.20382166,3530,74.94692144,40,0.8492569,1251,23.50620068,4061,76.30590004,10,0.187899286,"Race","Race","No Race",10552,8195,57.47406955,64.94203783,-7.467968273,21.68309325,78.31690675,75.50227445,0.123199393,1.516300227,45.80174375,37.93593632,15.13457165,29335,13.25852037,33.43788354,89.74498841,51.37438153,0,0,-52.79969936,-50.74309978
"7","Alabama","Butler",1013,4901,56.1268896,3726,42.67063674,105,1.20247366,5087,53.56992418,4374,46.06149958,35,0.368576243,"Race","Race","No Race",20280,15425,56.60940032,61.5623987,-4.952998379,52.78106509,47.21893491,43.51577909,1.247534517,1.395463511,53.04733728,37.05621302,18.12623274,34315,9.804827347,18.94042584,83.91999426,71.23215735,1,1,7.5084246,13.45625286
"8","Alabama","Calhoun",1015,32865,68.66329601,13242,27.66588668,1757,3.670817316,30278,65.45603909,15511,33.53222215,468,1.011738764,"Race","Race","No Race",115883,88525,54.06834228,52.25303587,1.815306411,72.99776499,27.00223501,20.33171388,3.436224468,2.39379374,51.89803509,38.78308294,15.93072323,41954,11.6818216,17.66313675,82.34703347,33.69682556,1,1,31.92381694,40.99740933
"9","Alabama","Chambers",1017,7843,56.42446043,5784,41.61151079,273,1.964028777,7626,52.1935528,6871,47.02621313,114,0.78023407,"Race","Race","No Race",34018,26480,52.49244713,55.17749245,-2.685045317,56.74348874,43.25651126,40.47857017,0.43506379,0.990652008,52.08713034,35.87218531,18.38732436,36027,7.489945276,19.73673179,87.51572063,49.14803449,1,1,5.16733967,14.81294964
"10","Alabama","Cherokee",1019,8953,83.41563403,1547,14.4134911,233,2.170874872,7506,76.75631455,2132,21.80182023,141,1.441865221,"Race","Race","No Race",25897,20505,52.34333089,47.69080712,4.652523775,91.87164536,8.128354636,4.606711202,1.563887709,0.725952813,50.25292505,32.71035255,20.32281731,38925,5.855731043,18.71723548,86.03830106,85.73627304,1,1,54.95449432,69.00214293
"11","Alabama","Chilton",1021,15081,82.10027764,2911,15.84735152,377,2.052370842,13932,79.78467529,3397,19.45367083,133,0.761653877,"Race","Race","No Race",43817,31555,58.21264459,55.33829821,2.874346379,80.61026542,19.38973458,10.00981354,7.624894447,5.557203825,50.79763562,38.83424242,15.24978889,42594,7.938580456,19.90247183,85.14545149,86.74472424,1,1,60.33100446,66.25292612
"12","Alabama","Choctaw",1023,4106,56.30828305,3109,42.63576522,77,1.055951728,4152,52.10843373,3786,47.51506024,30,0.376506024,"Race","Race","No Race",13287,10515,69.34854969,75.77746077,-6.428911079,56.20531346,43.79468654,42.22924663,0.55693535,0.165575374,52.21645217,33.40106871,20.74960488,32622,13.6428137,21.14733277,88.03979678,100,1,1,4.59337349,13.67251783
"13","Alabama","Clarke",1025,7140,54.79241808,5749,44.11787276,142,1.089709155,7470,53.93112411,6334,45.72955021,47,0.33932568,"Race","Race","No Race",24847,19195,67.8874707,72.15941651,-4.271945819,53.17744597,46.82255403,45.49442589,0.173059122,0.466857166,52.75888437,36.60401658,18.06254276,32735,17.08333333,18.95781929,87.86276583,75.98033523,1,1,8.2015739,10.67454532
"14","Alabama","Clay",1027,5245,79.18176329,1237,18.67451691,142,2.143719807,4817,72.30561393,1777,26.67367157,68,1.0207145,"Race","Race","No Race",13483,10360,63.93822394,64.30501931,-0.366795367,80.26403619,19.73596381,14.74449307,3.107616999,1.891270489,51.5538085,34.84387748,19.40221019,38815,6.591530055,25.38640694,88.93711624,100,1,1,45.63194236,60.50724638
"15","Alabama","Cleburne",1029,5764,87.42605794,684,10.37463977,145,2.19930229,5272,83.61617764,971,15.40047581,62,0.98334655,"Race","Race","No Race",14991,11295,58.3709606,55.82115981,2.549800797,92.79567741,7.204322594,2.36141685,2.328063505,1.747715296,50.48362351,36.14168501,18.16423187,36316,7.173601148,25.81516496,88.47192746,100,1,1,68.21570183,77.05141817
"16","Alabama","Coffee",1031,15875,76.44339577,4221,20.32551644,671,3.231087784,14666,74.18310572,4925,24.91148204,179,0.905412241,"Race","Race","No Race",50991,37955,54.71479383,52.08799895,2.626794889,71.37141849,28.62858151,17.00496166,6.558020043,3.737914534,50.55990273,38.48130062,15.78317742,47872,6.194262619,14.86392789,76.33327555,47.19508289,1,1,49.27162368,56.11787933
"17","Alabama","Colbert",1033,16746,67.21252258,7312,29.34778246,857,3.439694963,13936,59.59375668,9166,39.19606585,283,1.210177464,"Race","Race","No Race",54377,42235,58.99135788,55.36876998,3.622587901,78.85319161,21.14680839,15.64816007,2.40175074,1.561321882,51.68729426,35.58857605,18.45265462,43786,7.5258899,16.57652008,81.52909514,43.89468656,1,1,20.39769083,37.86474012
"18","Alabama","Conecuh",1035,3420,51.93621868,3080,46.77296887,85,1.290812453,3439,48.9746511,3555,50.62660211,28,0.398746796,"Race","Race","No Race",12697,9825,67.02290076,71.47073791,-4.44783715,50.72064267,49.27935733,46.21564149,1.764196267,0.850594629,52.52421832,35.65409152,20.26462944,27609,20.42785235,20.57220708,91.33742053,80.94950106,1,0,-1.65195101,5.16324981
"19","Alabama","Coosa",1037,3381,64.37547601,1782,33.92993145,89,1.694592536,3049,57.86676789,2191,41.58284304,29,0.550389068,"Race","Race","No Race",10864,8755,59.98857796,60.18275271,-0.194174757,65.02209131,34.97790869,32.36377025,1.288659794,1.251840943,50.70876289,31.08431517,18.66715758,31910,12.57582828,27.06462628,90.059441,100,1,1,16.28392485,30.44554456
"20","Alabama","Covington",1039,13267,83.23086575,2387,14.9749059,286,1.794228356,12153,78.79789924,3158,20.4759126,112,0.726188161,"Race","Race","No Race",37729,29295,54.4120157,52.64720942,1.764806281,83.51400779,16.48599221,12.97675528,1.531978054,0.954173182,51.71088553,35.34416497,20.17811233,37313,10.65949023,19.06613317,85.07851427,69.65179399,1,1,58.32198664,68.25595985
"21","Alabama","Crenshaw",1041,4513,72.01212701,1664,26.55177916,90,1.436093825,4331,67.48208165,2050,31.94141477,37,0.576503584,"Race","Race","No Race",13896,10535,59.48742288,60.92074039,-1.433317513,70.86931491,29.13068509,23.67587795,1.683937824,2.288428325,50.61168682,36.8955095,17.50863558,37557,7.355573637,21.68359334,85.35231913,100,1,1,35.54066688,45.46034785
"22","Alabama","Cullman",1043,32989,87.10426953,3798,10.02825232,1086,2.867478151,28999,84.1599675,5052,14.66175233,406,1.178280175,"Race","Race","No Race",81316,61625,61.45720081,55.91399594,5.543204868,92.46396773,7.536032269,1.036696345,4.213192976,2.833390723,50.56323479,36.93246102,17.75173398,39297,6.064756798,17.84350976,85.03098201,73.23955924,1,1,69.49821517,77.07601721
"23","Alabama","Dale",1045,13808,73.64659449,4413,23.53725532,528,2.816150195,13108,70.63641752,5286,28.48520774,163,0.878374737,"Race","Race","No Race",49607,37405,50.12431493,49.61101457,0.513300361,70.19170682,29.80829318,19.40250368,5.888281896,2.745580261,50.72671196,39.98226057,15.42927409,44093,10.39244186,14.1653928,83.93130114,50.88853953,1,1,42.15120978,50.10933917
"24","Alabama","Dallas",1047,5789,30.80566198,12836,68.30566198,167,0.888676032,6288,30.01002243,14612,69.7370305,53,0.252947072,"Race","Race","No Race",41426,30615,61.38167565,68.44030704,-7.05863139,28.06932844,71.93067156,69.49741708,0.958335345,1.47250519,53.82609955,40.69907787,15.67614542,28136,14.89701705,20.98158148,86.21569643,45.63897764,0,0,-39.72700807,-37.5
"25","Alabama","DeKalb",1049,21405,82.88159219,3622,14.02462635,799,3.093781461,18331,76.81766752,5239,21.95449021,293,1.227842266,"Race","Race","No Race",70937,49580,52.08955224,48.13029447,3.959257765,81.01554901,18.98445099,1.477367241,14.01525297,7.276879485,50.47154517,39.04591398,15.53209186,38248,6.33996117,27.36298482,88.63406408,90.1306445,1,1,54.86317731,68.85696584
"26","Alabama","Elmore",1051,27634,74.16532475,8443,22.65968867,1183,3.174986581,26253,73.98337326,8954,25.23319713,278,0.783429618,"Race","Race","No Race",80957,61485,60.60014638,57.7132634,2.88688298,73.6885013,26.3114987,21.11244241,2.801487209,1.951653347,51.39765555,38.66373507,13.88761935,53398,7.47316153,13.17197452,77.76160146,54.18836614,1,1,48.75017613,51.50563608
"27","Alabama","Escambia",1053,9935,66.92489054,4605,31.02054564,305,2.054563826,9287,62.45880691,5489,36.91573071,93,0.625462371,"Race","Race","No Race",37875,29330,50.6137061,50.69553358,-0.08182748,60.59405941,39.40594059,32.330033,2.059405941,0.736633663,48.80528053,37.73729373,16.65742574,32334,15.23708422,19.54429004,88.37434982,63.51157389,1,1,25.5430762,35.9043449
"28","Alabama","Etowah",1055,32353,73.25649851,10442,23.64369169,1369,3.0998098,29130,68.49282859,12803,30.10345638,597,1.403715025,"Race","Race","No Race",103363,78780,56.05991368,53.98578319,2.07413049,78.43135358,21.56864642,15.28496657,3.629925602,2.882075791,51.62001877,36.35730387,17.36307963,40478,8.455825639,17.54909618,83.5081455,37.48348176,1,1,38.38937221,49.61280682
"29","Alabama","Fayette",1057,6712,81.36743848,1362,16.51109225,175,2.121469269,6054,76.18927762,1817,22.86685125,75,0.94387113,"Race","Race","No Race",16783,13155,62.70619536,60.40288864,2.303306727,85.22910088,14.77089912,12.23857475,0.858011083,0.560090568,50.47965203,34.81499136,19.54954418,36205,8.774761555,20.76910046,85.85465018,80.23316513,1,1,53.32242637,64.85634623
"30","Alabama","Franklin",1059,9466,78.62126246,2197,18.24750831,377,3.131229236,7567,69.68413298,3171,29.20158394,121,1.114283083,"Race","Race","No Race",31573,21935,54.88944609,49.50535674,5.384089355,78.07303709,21.92696291,4.060431381,16.01684984,8.884173186,50.73955595,39.46093181,16.03585342,36138,9.712943249,24.33103976,87.60990061,70.36651527,1,1,40.48254904,60.37375415
"31","Alabama","Geneva",1061,9994,84.99744855,1525,12.96989284,239,2.032658615,9175,81.05123675,2039,18.01236749,106,0.93639576,"Race","Race","No Race",26765,20515,57.31416037,55.17913722,2.135023154,84.06127405,15.93872595,9.422753596,3.706332897,1.677563983,51.16009714,35.27367831,18.95012143,36519,10.31516109,22.31321457,88.33820792,89.64165733,1,1,63.03886926,72.02755571
"32","Alabama","Greene",1063,838,17.17213115,4013,82.23360656,29,0.594262295,804,15.05617978,4521,84.66292135,15,0.280898876,"Race","Race","No Race",8587,6595,73.9954511,80.97043215,-6.974981046,17.14219169,82.85780831,81.18085478,0.617212065,0.256201234,52.3465704,37.60335391,18.00395947,21339,18.1533101,23.0511316,90.02514669,100,0,0,-69.60674157,-65.06147541
"33","Alabama","Hale",1065,3173,39.46517413,4775,59.39054726,92,1.144278607,3210,37.13988199,5411,62.60557677,22,0.254541247,"Race","Race","No Race",15159,11565,69.52010376,74.73411154,-5.214007782,39.96965499,60.03034501,58.28220859,1.207203641,1.03568837,53.02460584,38.01701959,17.65947622,33351,12.05933682,18.60396911,85.97125819,89.16878173,0,0,-25.46569478,-19.92537313
"34","Alabama","Henry",1067,5632,69.77205154,2292,28.39444995,148,1.833498513,5628,64.24657534,3083,35.19406393,49,0.559360731,"Race","Race","No Race",17187,13335,60.53243345,65.69178853,-5.159355081,68.56344912,31.43655088,27.88735672,2.530982719,1.710595217,51.70186769,33.61843254,20.63187293,41045,7.529843893,19.30283937,83.85565829,87.75286094,1,1,29.05251141,41.37760159
"35","Alabama","Houston",1069,30728,72.06547996,10664,25.0099674,1247,2.92455264,29270,69.82680471,12367,29.50283888,281,0.67035641,"Race","Race","No Race",103891,78085,54.60587821,53.68252545,0.923352757,67.4524261,32.5475739,26.37475816,3.186994061,2.316851315,52.08247105,38.3979363,16.04855089,41945,8.069254984,15.09615249,78.98209769,33.80405133,1,1,40.32396583,47.05551256
"36","Alabama","Jackson",1071,16672,79.45101029,3673,17.50381243,639,3.045177278,14439,70.1705788,5822,28.293726,316,1.535695194,"Race","Race","No Race",52608,40730,51.5197643,50.52050086,0.999263442,89.49209246,10.50790754,3.294175791,2.727722019,2.256310827,51.02836071,34.84260949,18.4515663,38422,8.609415867,20.51510008,87.42153614,77.01730325,1,1,41.8768528,61.94719786
"37","Alabama","Jefferson",1073,134768,44.30374337,156873,51.57055929,12550,4.125697341,141683,46.61882481,159876,52.60497897,2359,0.776196211,"Race","Race","No Race",659096,491015,61.95146788,61.89586876,0.055599116,50.67091896,49.32908104,42.33965917,3.689295641,3.925831745,52.66683457,39.652342,14.31005498,47220,8.217166201,11.0052298,68.5597527,9.833765145,0,0,-5.98615416,-7.26681592
"38","Alabama","Lamar",1075,5823,83.59173127,1036,14.87223658,107,1.536032156,5457,76.15126989,1646,22.96957857,63,0.879151549,"Race","Race","No Race",14066,10960,63.55839416,65.38321168,-1.824817518,86.13678373,13.86321627,11.26119721,1.428977677,0.846011659,51.56405517,34.08929333,20.21896772,34298,9.525483304,22.5845169,86.93738748,100,1,1,53.18169132,68.71949469
"39","Alabama","Lauderdale",1077,27899,70.58570525,9952,25.17900063,1674,4.235294118,23911,64.7573394,12511,33.88311126,502,1.359549345,"Race","Race","No Race",92641,72735,54.34110126,50.76510621,3.575995051,84.99152643,15.00847357,9.763495644,2.393108883,2.053086646,52.22309776,37.80291664,18.31262616,43657,7.640391308,15.13745487,78.32077025,49.29510619,1,1,30.87422814,45.40670462
"40","Alabama","Lawrence",1079,10833,73.05280194,3627,24.45883067,369,2.488367388,8874,62.88265306,5069,35.91978458,169,1.197562358,"Race","Race","No Race",33433,25995,57.04558569,54.28736295,2.758222735,76.6577932,23.3422068,11.36601561,2.066820208,0.726826788,51.32952472,35.86875243,16.1517064,42339,8.315177923,22.45699407,89.69138174,91.28978712,1,1,26.96286848,48.59397127
"41","Alabama","Lee",1081,34617,58.48355324,21230,35.86693923,3344,5.649507526,32194,59.22478338,21381,39.33295314,784,1.442263471,"Race","Race","No Race",153947,115345,51.31648533,47.12731371,4.189171616,67.86751285,32.13248715,23.08651679,3.690231054,5.157619181,50.61482198,49.20264766,10.32108453,45056,6.070528967,11.28758366,65.58785336,27.40949896,1,1,19.89183024,22.61661401
"42","Alabama","Limestone",1083,29067,72.13729091,9468,23.49729488,1759,4.365414206,25295,71.33590908,9829,27.71933783,335,0.944753095,"Race","Race","No Race",90257,67250,59.91672862,52.72713755,7.189591078,77.43665311,22.56334689,12.67491718,5.689309416,4.329858072,49.98061092,37.58157262,13.91027843,51115,7.943644363,16.84344574,76.73931266,57.60914208,1,1,43.61657125,48.63999603
"43","Alabama","Lowndes",1085,1751,26.19688809,4883,73.05505685,50,0.748055057,1756,23.34795905,5747,76.41271108,18,0.239329876,"Race","Race","No Race",10565,8100,82.51851852,92.85185185,-10.33333333,24.40132513,75.59867487,74.64268812,0.473260767,0.302886891,52.24798864,38.53289162,17.34027449,27914,12.26600985,25.19190509,87.71807397,100,0,0,-53.06475203,-46.85816876
"44","Alabama","Macon",1087,1431,15.65645514,7566,82.77899344,143,1.564551422,1331,12.80546469,9045,87.02135848,18,0.173176833,"Race","Race","No Race",19684,16035,57.00031182,64.82070471,-7.820392891,15.42369437,84.57630563,81.53322495,1.646006909,1.127819549,53.91180654,42.58280837,16.74964438,32390,15.03692101,19.53439665,79.95811181,55.54726832,0,0,-74.21589379,-67.1225383
"45","Alabama","Madison",1089,89520,54.78949011,62822,38.44934482,11047,6.761165072,90884,58.61252813,62015,39.99445372,2160,1.393018141,"Race","Race","No Race",349973,261510,62.4790639,59.29371726,3.185346641,65.43104754,34.56895246,23.98299297,4.675217803,5.560714684,51.11480028,39.39989656,13.66791152,60150,7.333547231,9.185168298,59.32807309,16.44151477,1,1,18.61807441,16.34014529
"46","Alabama","Marengo",1091,5233,47.59869019,5615,51.07331272,146,1.327997089,5336,46.25119182,6167,53.45410419,34,0.294703996,"Race","Race","No Race",20066,15310,71.80927498,75.35597649,-3.546701502,45.45001495,54.54998505,52.76088907,0.946875311,0.907006877,52.99013256,37.51619655,18.63849297,30713,14.07484138,16.14153081,85.21090723,69.31564179,0,0,-7.20291237,-3.47462253
"47","Alabama","Marion",1093,11274,86.82994455,1432,11.02895872,278,2.141096734,9697,80.10739364,2249,18.57909955,159,1.313506815,"Race","Race","No Race",30239,23725,54.72708114,51.02212856,3.704952582,92.04669467,7.953305334,3.247461887,2.400873045,1.617116968,50.53407851,34.31330401,20.09656404,34074,7.648168527,20.10864519,87.53366144,88.85495191,1,1,61.52829409,75.80098583
"48","Alabama","Marshall",1095,29233,82.77551252,4917,13.92286782,1166,3.301619662,25867,79.42946631,6299,19.3422588,400,1.228274888,"Race","Race","No Race",94534,65925,53.56996587,49.39855897,4.171406902,82.34180295,17.65819705,2.090253242,12.9159879,7.170964944,50.70873971,39.31918675,16.4046798,39831,7.173792069,21.39475428,83.43275574,53.26868704,1,1,60.08720751,68.8526447
"49","Alabama","Mobile",1097,95116,55.06405692,72186,41.78954133,5435,3.146401755,94893,54.26674444,78760,45.04071736,1211,0.692538201,"Race","Race","No Race",414291,308975,55.90646492,56.59487014,-0.688405211,57.85088259,42.14911741,35.20158536,2.64475936,3.105063832,52.13581758,40.70785993,14.54364203,44263,8.696854182,14.2226248,77.48760427,20.02024252,1,1,9.22602707999999,13.27451559
"50","Alabama","Monroe",1099,5795,56.42099114,4332,42.17700321,144,1.402005647,5741,53.61412028,4914,45.89092267,53,0.494957041,"Race","Race","No Race",21975,16820,61.06420927,63.66230678,-2.598097503,54.66666667,45.33333333,42.41638225,0.618885097,0.200227531,52.11831627,37.30147895,17.80659841,28182,21.83311194,17.96817297,87.60491506,79.0445639,1,1,7.72319761,14.24398793
"51","Alabama","Montgomery",1101,34003,35.46486159,58916,61.44892468,2959,3.08621373,38332,37.60841411,63085,61.89415643,507,0.497429457,"Race","Race","No Race",227392,168750,56.81659259,60.39940741,-3.582814815,35.94233746,64.05766254,56.68932944,3.311462145,4.358992401,52.61926541,41.61975795,13.25684281,45358,8.447767958,14.48704622,68.54043393,10.49123006,0,0,-24.28574232,-25.98406309
"52","Alabama","Morgan",1103,37486,74.01863992,11254,22.22178343,1904,3.759576653,35391,71.75354297,13439,27.24692334,493,0.999533686,"Race","Race","No Race",119555,88065,57.50752285,56.00749446,1.500028388,76.61912927,23.38087073,12.05302999,7.811467525,4.318514491,50.77663,37.47396596,15.75341893,46883,8.931430936,17.50880743,78.57081906,38.59737217,1,1,44.50661963,51.79685649
"53","Alabama","Perry",1105,1407,26.65782493,3824,72.45168624,47,0.890488822,1506,24.69257255,4568,74.89752418,25,0.409903263,"Race","Race","No Race",9856,7625,69.21967213,79.98688525,-10.76721311,29.62662338,70.37337662,68.58766234,0.953733766,0.375405844,52.6075487,41.51785714,18.86160714,24912,11.73010381,23.61555294,85.50749032,100,0,0,-50.20495163,-45.79386131
"54","Alabama","Pickens",1107,5456,57.17878851,3972,41.6264934,114,1.194718088,5124,53.31391114,4455,46.35313703,32,0.332951826,"Race","Race","No Race",20042,15585,61.22553738,61.66827077,-0.442733397,54.85480491,45.14519509,41.77227822,2.424907694,1.556730865,50.71849117,35.85470512,17.92236304,31679,12.32492997,18.90088043,88.88099972,100,1,1,6.96077411,15.55229511
"55","Alabama","Pike",1109,7693,58.42193196,5056,38.39611179,419,3.181956258,7963,56.4471539,6035,42.78018005,109,0.772666052,"Race","Race","No Race",33277,25630,51.37729224,55.04096762,-3.66367538,56.56158909,43.43841091,37.41623343,2.193707365,3.885566608,52.32442828,48.96174535,14.2831385,33193,9.734290392,20.04281782,76.01182587,51.67938235,1,1,13.66697385,20.02582017
"56","Alabama","Randolph",1111,7705,75.63561402,2291,22.48944733,191,1.874938647,7224,69.47489902,3078,29.60184651,96,0.923254472,"Race","Race","No Race",22615,17375,58.63021583,59.84460432,-1.214388489,75.43665709,24.56334291,19.18638072,2.922838824,1.596285651,51.2491709,35.76387354,19.39420738,37496,7.978723404,22.73863709,84.62080903,81.34246934,1,1,39.87305251,53.14616669
"57","Alabama","Russell",1113,9210,47.82924803,9579,49.74553386,467,2.425218114,8278,43.84766142,10500,55.61735261,101,0.534985963,"Race","Race","No Race",58636,43135,44.64124261,43.76724238,0.874000232,48.71580599,51.28419401,42.02026059,5.071969439,2.842963367,51.36264411,42.53359711,12.60317893,38400,9.425928076,17.43932794,82.98589504,35.4089939,0,0,-11.76969119,-1.91628583
"58","Alabama","St. Clair",1115,31651,82.42447917,5589,14.5546875,1160,3.020833333,29031,82.5964493,5801,16.50449528,316,0.899055423,"Race","Race","No Race",86576,65815,58.345362,53.40423916,4.941122844,86.30336352,13.69663648,9.354786546,2.265061911,1.755682868,49.75743855,36.95827943,15.24556459,54042,6.400975015,16.51680155,83.89616012,72.79676528,1,1,66.09195402,67.86979167
"59","Alabama","Shelby",1117,73020,72.1156695,22977,22.69243684,5257,5.191893654,71436,77.22226426,20051,21.67511648,1020,1.102619261,"Race","Race","No Race",205951,149210,67.860063,61.99785537,5.862207627,78.89595098,21.10404902,11.56343014,5.759136882,5.460522163,51.397177,38.59024719,12.97201762,72310,4.62105664,8.426307574,58.57700857,22.94487018,1,1,55.54714778,49.42323266
"60","Alabama","Sumter",1119,1581,24.66073935,4746,74.02901263,84,1.310248011,1586,22.57008681,5421,77.14529671,20,0.284616479,"Race","Race","No Race",13285,10390,61.70356112,67.63233879,-5.928777671,24.57659014,75.42340986,71.65976665,0.29356417,2.024840045,53.82009785,43.8765525,16.22882951,20428,15.29434774,20.0169123,81.87968108,100,0,0,-54.5752099,-49.36827328
"61","Alabama","Talladega",1121,20614,61.70563056,12121,36.28281498,672,2.011554465,19246,57.66937345,13905,41.66541815,222,0.665208402,"Race","Race","No Race",81057,62160,53.74356499,53.68886744,0.054697555,63.51949862,36.48050138,32.0502856,2.161441948,1.540890978,51.46378474,37.01099226,16.14666223,37923,12.04207886,20.18823782,86.90907792,55.81533825,1,1,16.0039553,25.42281558
"62","Alabama","Tallapoosa",1123,13594,69.7629067,5519,28.32289849,373,1.914194807,12396,65.83461681,6319,33.55993414,114,0.605449041,"Race","Race","No Race",40958,31945,60.99859133,58.94193144,2.056659884,69.07319693,30.92680307,27.02524537,2.41222716,1.457590703,52.6466136,35.06763026,19.51511304,39395,9.803453014,20.35973712,82.68419232,74.22625913,1,1,32.27468267,41.44000821
"63","Alabama","Tuscaloosa",1125,47723,57.70616687,31762,38.40628779,3215,3.887545345,45748,58.21096832,32048,40.77872503,794,1.010306655,"Race","Race","No Race",202471,155400,53.21750322,50.57271557,2.644787645,62.97889574,37.02110426,30.96147103,3.292323345,3.520010273,51.76000514,47.17169372,11.72217256,48022,6.989951044,11.85822744,70.63050627,25.50807578,1,1,17.43224329,19.29987908
"64","Alabama","Walker",1127,24266,82.33577633,4497,15.25855049,709,2.405673181,21651,75.91248554,6557,22.99007749,313,1.097436976,"Race","Race","No Race",65593,50325,58.5633383,56.67362146,1.889716841,89.56443523,10.43556477,5.657615904,2.260911988,1.428506091,51.29968137,36.11818334,18.12845883,37025,10.99016197,21.4450069,89.45719107,74.08799964,1,1,52.92240805,67.07722584
"65","Alabama","Washington",1129,6042,70.80745342,2374,27.82139927,117,1.37114731,5761,65.62998405,2976,33.90293917,41,0.467076783,"Race","Race","No Race",16909,12865,66.32724446,68.23163622,-1.904391761,65.0600272,34.9399728,24.77378911,1.295168254,1.029037791,50.38736767,37.5303093,16.71890709,40293,16.13670134,20.26206178,90.37660535,100,1,1,31.72704488,42.98605415
"66","Alabama","Wilcox",1131,1737,28.39163125,4339,70.92186989,42,0.686498856,1679,25.62967486,4868,74.30926576,4,0.06105938,"Race","Race","No Race",11119,8520,71.80751174,76.88967136,-5.082159624,27.43052433,72.56947567,71.94891627,0.557604101,0,51.77623887,39.17618491,17.75339509,24442,20.40106952,20.14514178,88.69775568,100,0,0,-48.6795909,-42.53023864
"67","Alabama","Winston",1133,9228,89.47929797,872,8.45534762,213,2.065354407,8312,85.56722257,1286,13.23862467,116,1.194152769,"Race","Race","No Race",24013,18770,54.94405967,51.75279702,3.191262653,94.27393495,5.726065048,0.408112273,2.915087661,1.307625036,50.80164911,33.37358931,20.02248782,33896,8.734293595,23.99560032,86.91096446,84.89217448,1,1,72.3285979,81.02395035
"68","California","Alameda",6001,95922,14.66100944,514842,78.69001293,43502,6.648977633,108182,18.16225182,469684,78.85340523,17776,2.984342944,"Race","Race","No Race",1605217,1040380,62.88721429,57.2523501,5.634864184,32.63091532,67.36908468,11.01527083,22.5558289,31.69421954,50.9891809,38.5925392,12.44062329,79831,7.111588874,12.70058988,56.11216955,0.388605754,0,0,-60.69115341,-64.02900349
"69","California","Alpine",6003,217,36.04651163,334,55.48172757,51,8.471760797,236,36.14088821,389,59.5712098,28,4.287901991,"Race","Race","No Race",1184,895,67.26256983,72.96089385,-5.698324022,67.90540541,32.09459459,0.844594595,7.77027027,3.125,41.55405405,38.26013514,20.77702703,62375,11.75213675,8.860759494,70.25316456,100,0,0,-23.43032159,-19.43521594
"70","California","Amador",6005,10485,59.12371715,6004,33.85587008,1245,7.020412766,10281,58.25259221,6830,38.69907643,538,3.04833135,"Race","Race","No Race",36963,30240,58.64417989,58.36309524,0.281084656,79.63639315,20.36360685,2.326650975,13.04547791,6.097989882,46.32740849,26.58063469,24.73284095,57032,11.55595369,11.65727406,78.48744173,60.42372214,1,1,19.55351578,25.26784707
"71","California","Butte",6007,45144,47.23954627,41567,43.49650496,8853,9.263948767,44479,49.01159203,42669,47.01714563,3604,3.971262341,"Race","Race","No Race",223877,170635,56.00492279,53.18486829,2.820054502,73.43228648,26.56771352,1.464643532,15.41158761,7.81723893,50.45225727,41.83859887,17.03837375,44366,10.72367389,11.73863361,73.85435784,18.90181818,1,1,1.9944464,3.74304131
"72","California","Calaveras",6009,13511,58.39816736,7944,34.33609959,1681,7.265733057,12365,56.7566327,8670,39.79619939,751,3.447167906,"Race","Race","No Race",44787,35475,65.21775899,61.41226216,3.805496829,82.29396923,17.70603077,0.571594436,11.22647197,5.9235939,50.53028781,28.65340389,25.10773215,53502,9.594498717,9.594422946,79.78022627,75.40918864,1,1,16.96043331,24.06206777
"73","California","Colusa",6011,3551,53.54342581,2661,40.12364294,420,6.332931242,3601,59.67848856,2314,38.34935366,119,1.972157773,"Race","Race","No Race",21361,12230,54.22730989,49.33769419,4.889615699,36.89434015,63.10565985,0.9924629,57.82032676,24.97074107,48.05018492,43.93989045,13.01437199,54946,8.682216906,31.94444444,85.5734767,31.72417013,1,1,21.3291349,13.41978287
"74","California","Contra Costa",6013,115956,24.87392074,319287,68.49080281,30932,6.635276452,136517,31.15219088,290824,66.36393094,10885,2.483878182,"Race","Race","No Race",1107925,730755,63.79361072,59.96893624,3.824674481,45.56192883,54.43807117,8.467089379,25.06270731,24.39831216,51.19967507,38.13200352,14.20339824,82881,7.677479994,10.94078738,59.73036872,0.792736112,0,0,-35.21174006,-43.61688207
"75","California","Del Norte",6015,5134,53.71416614,3485,36.46160285,939,9.824231011,4614,52.61117446,3791,43.22690992,365,4.161915621,"Race","Race","No Race",27628,21065,45.37384287,41.63304059,3.740802279,63.07731287,36.92268713,2.287534385,19.27754452,5.657304184,45.09917475,36.51730129,15.28159838,42363,10.44866004,17.84572548,85.09332783,33.67354072,1,1,9.38426454,17.25256329
"76","California","El Dorado",6017,49247,52.61937579,36404,38.89690248,7940,8.483721725,50973,57.41883885,35166,39.61294974,2635,2.968211413,"Race","Race","No Race",183000,136940,68.34453045,64.8269315,3.517598948,78.72622951,21.27377049,0.861202186,12.49617486,9.37704918,50.08251366,33.53060109,17.87486339,72586,9.584657337,7.373752878,67.01688411,34.69993041,1,1,17.80588911,13.72247331
"77","California","Fresno",6019,124049,43.9393027,141341,50.06428898,16929,5.996408318,124490,48.09776414,129129,49.89008102,5208,2.012154837,"Race","Race","No Race",963160,566160,49.8655857,45.71622863,4.149357072,30.75968686,69.24031314,4.72465634,52.03039993,21.36363636,50.10932763,47.65521824,11.20530338,45963,11.91347353,26.22441016,80.26801995,10.80520178,0,0,-1.79231687999999,-6.12498628
"78","California","Glenn",6021,5788,61.11932418,3065,32.36536431,617,6.51531151,5632,61.14428401,3301,35.8375855,278,3.018130496,"Race","Race","No Race",27976,16830,56.26856803,54.72964944,1.538918598,53.06334001,46.93665999,0.697026022,40.23091221,19.01272519,49.18501573,42.22905347,14.55890764,41699,9.931361749,27.46009521,87.29207505,40.87191523,1,1,25.30669851,28.75395987
"79","California","Humboldt",6023,18373,31.0113763,33200,56.0375384,7673,12.95108531,18825,32.75622064,34457,59.95649904,4188,7.28728032,"Race","Race","No Race",135182,105070,56.38717046,54.69686875,1.690301704,75.38281724,24.61718276,1.01640751,10.74847243,5.323193916,50.10504357,39.44238138,15.35189596,42685,9.462888399,9.674048161,71.77430888,29.75865937,0,0,-27.2002784,-25.0261621
"80","California","Imperial",6025,12704,26.41658522,32667,67.92747084,2720,5.65594394,12777,33.1310774,25136,65.17827045,652,1.690652146,"Race","Race","No Race",178807,99250,48.45440806,38.85642317,9.597984887,11.93130023,88.06869977,2.346105018,82.70369728,31.84495014,48.9259369,46.98753405,11.9184372,42560,17.08839215,32.97300309,86.04277529,17.41783553,0,0,-32.04719305,-41.51088562
"81","California","Inyo",6027,4248,52.5352461,3155,39.0180559,683,8.446697997,4340,54.00696864,3422,42.58337481,274,3.409656546,"Race","Race","No Race",18326,13695,59.04344651,58.67834976,0.365096751,64.02379133,35.97620867,0.976754338,21.10116774,9.582014624,49.60711557,33.01866201,21.57044636,47278,6.262694651,11.53177662,75.5081992,46.43049714,1,1,11.42359383,13.5171902
"82","California","Kern",6029,129584,53.07274239,98689,40.41931005,15890,6.50794756,126618,57.17110967,89495,40.40917136,5359,2.419718971,"Race","Race","No Race",871337,504215,48.42438246,43.92411967,4.500262785,36.03462265,63.96537735,5.198677435,51.61573536,20.27309755,48.69046075,48.27179381,9.874709785,49788,11.94538704,26.40033616,84.33531738,10.20603098,1,1,16.76193831,12.65343234
"83","California","Kings",6031,18093,53.34807607,13617,40.15037594,2205,6.501547988,17671,56.24482781,12979,41.3107136,768,2.444458591,"Race","Race","No Race",150261,91830,36.93237504,34.21322008,2.71915496,33.63214673,66.36785327,5.934340913,53.14885433,18.38134978,44.62501913,47.59052582,9.071548838,47241,11.69025077,27.14897139,87.21126515,10.85160346,1,1,14.93411421,13.19770013
"84","California","Lake",6033,10599,43.2682887,11496,46.93011104,2401,9.801600261,9200,39.33136676,13163,56.27378051,1028,4.394852721,"Race","Race","No Race",64076,48020,51.0120783,48.71095377,2.301124531,72.25950434,27.74049566,2.074099507,18.8619764,8.995567763,50.08739622,33.4524627,20.47880642,36132,13.67659509,16.28661676,83.84319155,33.10600789,0,0,-16.94241375,-3.66182234
"85","California","Lassen",6035,7574,71.96883314,2224,21.13264918,726,6.898517674,7296,68.29542263,3053,28.57811476,334,3.126462604,"Race","Race","No Race",31945,25265,41.6544627,42.28379181,-0.629329111,66.05415558,33.94584442,8.790107998,18.40663641,6.025982157,33.66411019,38.56002504,12.2773517,51457,9.433206489,18.60373389,87.46165308,70.5258633,1,1,39.71730787,50.83618396
"86","California","Los Angeles",6037,769743,22.41333625,2464364,71.75722154,200201,5.829442205,885333,27.83132201,2216903,69.69054723,78831,2.478130766,"Race","Race","No Race",10057155,6123490,56.08416116,51.94859467,4.135566483,26.72512256,73.27487744,7.966288677,48.34019163,34.5456046,50.73541175,41.3405481,12.20227788,57952,8.90861381,22.28247016,69.23589547,0.605218358,0,0,-41.85922522,-49.34388529
"87","California","Madera",6039,23357,54.17749119,17029,39.49944331,2726,6.323065504,22852,57.3220288,16018,40.17960167,996,2.498369538,"Race","Race","No Race",153366,88435,48.74992933,45.07943687,3.670492452,35.78824511,64.21175489,3.050871771,56.24779938,21.49563789,51.72658868,44.89847815,12.85226191,45742,8.20754717,28.29613752,86.87008784,32.92480032,1,1,17.14242713,14.67804788
"88","California","Marin",6041,21771,15.63188845,108707,78.05317614,8795,6.314935415,30880,22.95637694,99896,74.26328467,3740,2.780338398,"Race","Race","No Race",259358,182750,76.20957592,73.60656635,2.603009576,71.85473361,28.14526639,2.255183954,15.78628768,18.37614417,51.13125487,31.05244488,19.46190208,100310,5.110381623,6.893425471,42.91866306,6.519973535,0,0,-51.30690773,-62.42128769
"89","California","Mariposa",6043,5185,58.40937254,3122,35.16953926,570,6.421088205,5140,57.11111111,3498,38.86666667,362,4.022222222,"Race","Race","No Race",17645,14060,63.13655761,64.0113798,-0.874822191,81.50184188,18.49815812,1.280816095,10.13884953,7.044488524,49.66846132,28.01360159,24.82856333,49265,9.815024538,10.53175775,77.3633678,100,1,1,18.24444444,23.23983328
"90","California","Mendocino",6045,10888,29.05248552,22079,58.91346693,4510,12.03404755,9658,27.58088928,23193,66.23354371,2166,6.18556701,"Race","Race","No Race",87409,61790,60.6522091,56.67098236,3.981226736,66.37531604,33.62468396,0.570879429,23.97350387,12.5902367,50.08065531,35.06046288,18.92482467,43510,10.9511481,13.4592929,75.92118067,45.23058708,0,0,-38.65265443,-29.86098141
"91","California","Merced",6047,28725,40.57833844,37317,52.71581743,4747,6.705844128,27581,44.44462349,33005,53.1849751,1471,2.370401405,"Race","Race","No Race",265001,145565,48.63050871,42.63181397,5.998694741,29.47875668,70.52124332,3.102252444,57.53751873,25.44820586,49.51641692,49.18094649,10.4663756,44397,15.73697404,31.39122643,86.33772272,14.27326002,0,0,-8.74035161,-12.13747899
"92","California","Modoc",6049,2696,71.17212249,877,23.15205913,215,5.675818374,2777,69.66884094,1111,27.87255394,98,2.458605118,"Race","Race","No Race",9033,6790,55.78792342,58.70397644,-2.916053019,77.64862172,22.35137828,0.907782575,14.77914314,6.254843352,48.66600244,30.58784457,23.1152441,41194,6.833773087,13.58671255,81.72976208,69.95663845,1,1,41.796287,48.02006336
"93","California","Mono",6051,2111,40.01137225,2773,52.55875663,392,7.429871114,2285,44.10345493,2733,52.75043428,163,3.146110789,"Race","Race","No Race",14051,9335,56.51847884,55.50080343,1.017675415,65.86008113,34.13991887,0.526652907,27.50693901,16.95253007,46.26005267,37.55604583,13.20902427,58937,8.005296738,16.00086142,69.35501238,45.83157302,0,0,-8.64697935,-12.54738438
"94","California","Monterey",6053,34895,26.1566023,89088,66.77860398,9425,7.064793716,37390,30.27089169,82920,67.131916,3208,2.597192312,"Race","Race","No Race",430201,229575,58.11085702,53.80289666,4.307960362,31.0612946,68.9387054,2.476284342,57.43454804,30.02154807,48.88831035,44.571491,11.98346819,60889,6.852345567,29.10061517,76.35085177,9.816001176,0,0,-36.86102431,-40.62200168
"95","California","Napa",6055,17411,28.36961481,39199,63.87114645,4762,7.759238741,19526,34.27538267,35870,62.96517343,1572,2.759443898,"Race","Race","No Race",140823,92980,66.0055926,61.26909013,4.736502474,53.71778758,46.28221242,2.023107021,33.49168815,22.8442797,50.28510968,36.91300427,17.00645491,74609,6.563907865,16.09473175,66.95391956,13.40083819,0,0,-28.68979076,-35.50153164
"96","California","Nevada",6057,23365,42.53208337,26053,47.4251388,5517,10.04277783,24986,48.35126558,24663,47.7262172,2027,3.922517223,"Race","Race","No Race",98639,78225,70.22690956,66.06072228,4.16618728,85.63448535,14.36551465,0.478512556,9.143442249,6.345360354,50.49321262,29.16797616,23.41163232,57429,8.775072425,6.667832685,65.59796575,42.13478595,0,1,0.625048380000003,-4.89305543
"97","California","Orange",6059,507148,42.34982101,609961,50.93530719,80412,6.714871806,582332,51.87055076,512440,45.64500153,27892,2.484447707,"Race","Race","No Race",3132211,1987335,60.25763145,56.49092881,3.766702644,41.97265127,58.02734873,1.531537946,34.17882767,30.37710422,50.61996143,40.1818396,13.17602805,78145,6.759691054,15.4904231,61.55283193,0.143344433,0,1,6.22554923,-8.58548618
"98","California","Placer",6061,95138,52.03375647,73509,40.20422339,14192,7.762020138,99921,58.32350778,66818,39.00141254,4583,2.675079675,"Race","Race","No Race",370571,271235,67.40981068,63.16367725,4.246133427,74.26916839,25.73083161,1.39298542,13.46678504,10.4511686,51.21312785,35.97556204,17.85865597,76926,7.029089548,5.798564291,63.09830942,13.78719521,1,1,19.32209524,11.82953308
"99","California","Plumas",6063,5420,56.01488218,3459,35.74824308,797,8.236874742,5721,56.94237086,4026,40.07166318,300,2.98596596,"Race","Race","No Race",18754,15145,63.8890723,66.33872565,-2.449653351,83.69947744,16.30052256,0.138637091,8.41420497,4.121787352,49.42945505,26.88493121,24.91735097,50125,11.77534048,8.090213118,78.0605559,74.02409157,1,1,16.87070768,20.2666391
"100","California","Riverside",6065,333243,44.35014526,373695,49.73376045,44453,5.916094284,318127,48.06219001,329063,49.71438586,14717,2.223424137,"Race","Race","No Race",2323892,1453255,51.70400239,45.54651455,6.157487846,37.2491923,62.7508077,5.92880392,47.46210237,21.87963124,50.25044193,43.65955905,13.18873683,57972,11.32840962,19.52119143,78.81095734,4.622310233,0,0,-1.65219585,-5.38361519
"101","California","Sacramento",6067,189789,33.93148946,326023,58.28813044,43518,7.780380098,202514,39.1854631,300503,58.14585272,13792,2.668684175,"Race","Race","No Race",1479300,999780,55.94530797,51.6922723,4.253035668,46.37003988,53.62996012,9.559926992,22.50841614,20.50774015,51.12857433,41.6172514,12.7941594,57509,10.23999137,13.22094653,70.71631768,2.062112169,0,0,-18.96038962,-24.35664098
"102","California","San Benito",6069,7841,35.76445904,12521,57.11092866,1562,7.124612297,7343,38.55807603,11276,59.21024995,425,2.231674018,"Race","Race","No Race",58051,35765,61.30015378,53.24758842,8.052565357,36.14752545,63.85247455,0.716611256,58.3349124,19.60689738,49.93712425,43.30847014,11.22978071,73814,10.75783972,21.70426339,81.04525245,24.00441477,0,0,-20.65217392,-21.34646962
"103","California","San Bernardino",6071,271240,41.47508421,340833,52.11649232,41910,6.408423461,262358,45.1161359,305109,52.46776964,14050,2.416094456,"Race","Race","No Race",2106754,1311445,49.86736005,44.34169942,5.525660626,30.51072883,69.48927117,8.087133097,51.6958316,21.31221775,50.25878674,46.16077625,10.35740291,54469,10.97837783,21.20771786,80.68279049,4.734499143,0,0,-7.35163374,-10.64140811
"104","California","San Diego",6073,477766,36.571188,735476,56.29791794,93158,7.13089406,536726,45.01669907,626957,52.58462344,28599,2.398677494,"Race","Race","No Race",3253356,2174370,60.08177081,54.83344601,5.248324802,46.71188766,53.28811234,4.741288688,33.08334532,23.53056352,49.73999157,42.00551676,12.70795449,66529,7.825527525,13.598133,63.50556954,3.297049442,0,0,-7.56792437,-19.72672994
"105","California","San Francisco",6075,37688,9.287516757,345084,85.03962621,23020,5.67285703,47076,13.03289785,301723,83.5314181,12410,3.43568405,"Race","Race","No Race",850282,627260,64.69279087,57.58521187,7.107578994,41.17316373,58.82683627,5.146292642,15.27704926,34.91182925,49.04913899,32.965769,14.38287533,87701,6.189395423,12.55973513,45.20676537,0,0,0,-70.49852025,-75.752109453
"106","California","San Joaquin",6077,88936,39.67417003,121124,54.03317185,14106,6.292658119,86071,42.04800266,114121,55.75118346,4505,2.200813886,"Race","Race","No Race",714860,433295,51.73519196,47.24194833,4.493243633,33.85627955,66.14372045,6.686484067,40.47351929,23.25546261,50.23934756,45.00461629,11.738802,55045,11.92698191,22.01546215,81.83786009,8.47285738,0,0,-13.7031808,-14.35900182
"107","California","San Luis Obispo",6079,56164,41.60018962,67107,49.70557518,11738,8.694235199,59967,47.72998615,61258,48.75754151,4413,3.512472341,"Race","Race","No Race",278680,213215,63.32059189,58.92549774,4.395094154,69.68601981,30.31398019,1.861633415,21.92299412,10.43598392,49.19908138,39.42658246,17.55561935,64014,5.505823113,9.876047628,65.94103447,16.59638699,0,0,-1.02755536,-8.10538555999999
"108","California","San Mateo",6081,57929,18.42619217,237882,75.66606443,18573,5.907743397,72756,25.46409072,206085,72.12830743,6879,2.407601848,"Race","Race","No Race",754748,486010,64.68673484,58.78891381,5.897821032,40.42713594,59.57286406,2.315872318,25.08188163,34.52490103,50.77231076,35.82824996,14.64316567,98546,5.588191819,11.37213306,52.94863511,1.891012748,0,0,-46.66421671,-57.23987226
"109","California","Santa Barbara",6083,56365,31.88318079,107142,60.60547781,13279,7.511341396,64606,39.5579231,94129,57.63470487,4585,2.80737203,"Race","Race","No Race",439395,278445,63.49045592,58.65431234,4.836143583,45.93497878,54.06502122,1.734657882,44.38398252,22.98933761,49.89496922,45.2046564,14.0003869,65161,7.246337676,19.94799584,67.76888849,5.01751613,0,0,-18.07678177,-28.72229702
"110","California","Santa Clara",6085,144826,20.58038195,511684,72.71244222,47199,6.707175835,174843,27.18790964,450818,70.10174299,17430,2.710347369,"Race","Race","No Race",1885056,1142325,61.6032215,56.29667564,5.30654586,33.16707833,66.83292167,2.380512834,26.34356751,38.06624312,49.64483814,39.42445211,12.21576441,101173,6.56837155,12.92882356,50.89670095,1.083663272,0,0,-42.91383335,-52.13206027
"111","California","Santa Cruz",6087,22438,17.41796757,95249,73.93903168,11134,8.643000753,24047,20.02331488,90805,75.61097465,5243,4.365710479,"Race","Race","No Race",270931,187645,68.65144288,64.00117243,4.650270458,58.18898539,41.81101461,0.79577457,33.06635269,17.98908209,50.40545379,41.33524772,13.51783295,70088,7.267460212,13.68117363,61.0085126,12.03931672,0,0,-55.58765977,-56.52106411
"112","California","Shasta",6089,51778,64.67964973,22301,27.85779421,5974,7.462556057,48067,62.96849414,25819,33.82327897,2449,3.208226895,"Race","Race","No Race",179228,136655,58.58036662,55.85964656,2.720720061,80.95498471,19.04501529,0.948512509,9.319414377,4.806168679,50.95464994,36.32523936,19.28828085,45582,8.669656203,10.01237673,79.90897113,29.28626646,1,1,29.14521517,36.82185552
"113","California","Sierra",6091,1048,57.26775956,601,32.84153005,181,9.890710383,1056,58.83008357,653,36.37883008,86,4.791086351,"Race","Race","No Race",2931,2435,75.15400411,73.71663244,1.437371663,85.94336404,14.05663596,0.068236097,10.40600478,4.332992153,50.5629478,21.39201638,26.06618901,43984,3.921568627,10.96178076,80.21839563,99.72222222,1,1,22.45125349,24.42622951
"114","California","Siskiyou",6093,11341,55.3435487,7234,35.3015811,1917,9.354870193,11077,55.63535912,8046,40.41185334,787,3.952787544,"Race","Race","No Race",43668,33780,60.66311427,58.9402013,1.722912966,77.62205734,22.37794266,1.591554456,11.6790327,4.94641385,50.27709078,32.08985985,22.76495374,38524,11.74392696,11.43262411,77.84397163,65.82628062,1,1,15.22350578,20.0419676
"115","California","Solano",6095,51920,31.25583187,102360,61.62070398,11833,7.123464148,52092,34.17123665,96783,63.48757577,3569,2.341187584,"Race","Race","No Race",429596,296030,56.11356957,51.49613215,4.617437422,39.43262973,60.56737027,13.64165402,25.43948268,20.12495461,50.29795436,39.94729932,13.56507044,69227,10.04470168,12.50168531,74.878053,3.718452427,0,0,-29.31633912,-30.36487211
"116","California","Sonoma",6097,51408,22.23019809,160435,69.37639728,19410,8.393404626,54784,25.30345299,153942,71.10222255,7782,3.594324459,"Race","Race","No Race",497776,350055,66.06190456,61.84970933,4.212195226,64.39964964,35.60035036,1.339759249,26.04263765,16.80474752,50.99824017,36.0493475,16.74327408,66833,6.976079182,12.77462302,66.93200843,12.35352713,0,0,-45.79876956,-47.14619919
"117","California","Stanislaus",6099,78494,45.59734179,81647,47.42892661,12005,6.9737316,73459,47.2803455,77724,50.02542335,4186,2.694231153,"Race","Race","No Race",530561,328050,52.47553727,47.36137784,5.114159427,44.12103415,55.87896585,2.46946157,44.2917968,20.34695351,50.58984735,44.77750909,12.14619997,51591,13.76020969,22.38606424,83.48025798,7.980709608,0,0,-2.74507784999999,-1.83158482
"118","California","Sutter",6101,18176,54.2194911,13076,39.00605554,2271,6.77445336,18122,58.40907626,12192,39.29607426,712,2.294849481,"Race","Race","No Race",95406,59845,56.01637564,51.84393015,4.172445484,47.95295893,52.04704107,1.843699558,29.85661279,22.59082238,50.22744901,42.74783557,14.45925833,52943,11.1827957,20.79681405,82.09861431,14.79780867,1,1,19.113002,15.21343556
"119","California","Tehama",6103,15494,64.80675924,6809,28.48000669,1605,6.713234064,14235,61.95325761,7934,34.53018236,808,3.516560038,"Race","Race","No Race",63015,45460,52.59128905,50.5433348,2.047954245,69.82623185,30.17376815,0.564944854,23.73879235,8.320241212,50.2039197,38.03380148,17.89415219,40687,12.63524249,17.09168185,86.19401242,51.48826876,1,1,27.42307525,36.32675255
"120","California","Trinity",6105,2812,49.45480127,2214,38.93774182,660,11.60745691,2716,47.86746563,2674,47.12724709,284,5.005287275,"Race","Race","No Race",13180,10470,54.30754537,54.19293219,0.114613181,82.97420334,17.02579666,1.092564492,7.207890744,4.871016692,48.77086495,26.37329287,24.13505311,35270,9.89279669,9.335427506,79.93521154,100,1,1,0.740218540000001,10.51705945
"121","California","Tulare",6107,58299,51.89791159,47585,42.36028273,6450,5.741805687,56956,56.33630069,41752,41.29772502,2392,2.365974283,"Race","Race","No Race",455769,245640,45.73115128,41.15779189,4.573359388,30.09353422,69.90646578,1.287055504,63.00209097,22.48046708,49.98277636,49.34451444,10.42019093,42789,10.58197188,31.82642275,86.00792857,15.47993007,1,1,15.03857567,9.53762886
"122","California","Tuolumne",6109,14551,56.99792393,9123,35.73582984,1855,7.26624623,13880,56.22392352,9998,40.49904808,809,3.277028396,"Race","Race","No Race",53864,43960,58.07324841,56.15787079,1.915377616,81.21008466,18.78991534,1.754418536,11.57173622,4.637605822,47.76845388,30.10916382,23.44422991,50731,11.59381062,10.20789306,80.25753182,48.96595322,1,1,15.72487544,21.26209409
"123","California","Ventura",6111,132323,37.62104593,194402,55.27086425,25001,7.10808982,147958,45.25069272,170929,52.27602195,8087,2.473285338,"Race","Race","No Race",843110,542060,64.88691289,60.32062871,4.566284175,46.64883586,53.35116414,1.58876066,41.89631246,22.81991674,50.4878367,40.74486129,13.59490458,78593,7.491716916,16.57308631,67.80013542,3.124552117,0,0,-7.02532923,-17.64981832
"124","California","Yolo",6113,20739,25.26373493,54752,66.6975271,6599,8.038737971,23368,31.37697214,48715,65.41121182,2392,3.211816046,"Race","Race","No Race",209671,140945,58.24257689,52.83976019,5.402816702,48.0867645,51.9132355,2.199159636,31.21461719,22.16090923,51.22453749,48.6791211,11.34205493,57663,7.949429662,14.3613279,59.97562133,6.929583916,0,0,-34.03423968,-41.43379217
"125","California","Yuba",6115,13170,57.2658492,7910,34.39429516,1918,8.33985564,11275,57.23350254,7711,39.14213198,714,3.624365482,"Race","Race","No Race",73897,48745,47.18022361,40.41440148,6.765822136,57.03885137,42.96114863,2.974410328,26.93343437,12.12769125,49.29293476,46.31852443,11.45242703,48739,12.65102115,17.84441091,84.45202633,26.22271499,1,1,18.09137056,22.87155404
